LLM,Avg_Sentiment,Std_Dev,Num_Responses
LLM_A,-0.3034872509539127,0.0,29
LLM_B,0.18609624095261096,0.0,31
LLM_C,-0.22691225819289684,0.0,30
LLM_D,-0.009777438826858997,0.0,35
